"","valid.site","RMSE","MAPE"
"1","B1",6.15636262399884,0.266035690595533
"2","B2",8.04889087786239,0.30980622203462
