"","valid.site","RMSE","MAPE"
"1","A6",3.80120640544811,0.131190797109043
"2","C1",4.88696094812075,0.154938978565222
"3","C4",6.61873159012733,0.238310042267245
